{"Game Lobbies": 0.00833333333, "ARCADE": 0.16666666659999999, "offline": 0.2999999998800001, "MAIN LOBBY": 0.00833333333, "SKYBLOCK": 1.1083333328899987}